{
	"invalid-side": "&4Invalid side option was given.",
	"removed-queue": "&2Removed from sell center creation queue.",
	"added-queue": "&2Added to sell center creation queue. Touch where you want to create.",
	"removed-rm-queue": "&2Removed from sell center removal queue.",
	"added-rm-queue": "&2Added sell center removal queue. Touch where you want to remove.",
	"sell-create-failed": "&4Failed to create sell center due to unknown reason.",
	"sell-already-exist": "&4Sell center already exists.",
	"sell-created": "&2Sell center was created successfully.",
	"sell-removed": "&2Sell center was removed successfully.",
	"no-permission-sell": "&4You don't have permission to sell item.",
	"tap-again": "&eTap again to sell &2%2&e of &b%1&e for &6%MONETARY_UNIT%%3&e.",
	"no-item": "You do not have enough item to sell &4%1&r.",
	"failed-sell": "&4Failed to sell item due to unknown reason.",
	"sold-item": "You have sold item %2 of &b%1&r for &6%MONETARY_UNIT%%3&r.",
	"sell-breaking-forbidden": "&4You cannot break sell centers."
}
