{
	"invalid-side": "&4無効な方向が与えられました。",
	"removed-queue": "&2販売所生成のキューを排除しました。",
	"added-queue": "&2販売所生成のキューを生成しました。好きなブロックを選んでください。",
	"removed-rm-queue": "&2販売所排除のキューを排除しました。",
	"added-rm-queue": "&2販売所排除のキューを生成しました。排除したいボロックを選んでください。",
	"sell-create-failed": "&4販売所の生成が失敗しました。",
	"sell-already-exist": "&4販売所がもう存在します。",
	"sell-created": "&2販売所が生成されました。",
	"sell-removed": "&2販売所が排除されました。",
	"no-permission-sell": "&4アイテムを売る権限がありません。",
	"tap-again": "&e&2%2&eつの&b%1を&6%MONETARY_UNIT%%3&eで売るにはもう一度タップしてください。",
	"no-item": "&4%1&rが足りません。",
	"failed-sell": "&4アイテムの販売が失敗しました。",
	"sold-item": "%2つの&b%1を&6%MONETARY_UNIT%%3&rで売りました。",
	"sell-breaking-forbidden": "&4販売所を壊せません。"
}
