{
	"invalid-side": "&4잘못된 방향이 설정되었습니다.",
	"removed-queue": "&2판매소 생성 큐를 제거하였습니다.",
	"added-queue": "&2판매소 생성 큐를 생성하였습니다. 판매소를 생성할 블럭을 터치하세요.",
	"removed-rm-queue": "&2판매소 제거 큐를 제거하였습니다.",
	"added-rm-queue": "&2판매소 제거 큐를 생성하였습니다. 제거할 판매소를 터치해주세요.",
	"sell-create-failed": "&4알 수 없는 이유로 판매소 생성을 실패하였습니다.",
	"sell-already-exist": "&4판매소가 이미 존재합니다.",
	"sell-created": "&2판매소가 성공적으로 생성되었습니다.",
	"sell-removed": "&2판매소가 성공적으로 제거되었습니다.",
	"no-permission-sell": "&4아이템을 판매할 권한이 없습니다.",
	"tap-again": "&e&2%2&e개의 &b%1&e을(를) &6%MONETARY_UNIT%%3&e 에 판매하시려면 한번 더 터치하세요.",
	"no-item": "&4%1&r 아이템이 부족합니다.",
	"failed-sell": "&4알 수 없는 이유로 판매를 실패하였습니다.",
	"sold-item": "%2개의 &b%1 를 &6%MONETARY_UNIT%%3&r 에 판매하였습니다.",
	"sell-breaking-forbidden": "&4판매소를 때려 부술 수 없습니다."
}
