{
  "invalid-side": "&4输入了非法的面.",
  "removed-queue": "&2移除商店创建队列.",
  "added-queue": "&2添加商店创建队列. 点击你想创建商店的地方.",
  "removed-rm-queue": "&2移除商店移除队列.",
  "added-rm-queue": "&2添加商店移除队列. 点击你想移除商店的地方.",
  "shop-create-failed": "&4未知原因,创建商店失败.",
  "shop-already-exist": "&4商店已经存在.",
  "shop-created": "&2商店创建成功.",
  "shop-removed": "&2商店移除成功.",
  "no-permission-buy": "&4你没有权限购买物品.",
  "tap-again": "&e再次点击购买 &2%2&e 个 &b%1&e .花费 &6%MONETARY_UNIT%%3&e.",
  "no-money": "你没有 &4%MONETARY_UNIT%%1&r 来购买 &4%2%&r.",
  "full-inventory": "&4你没有足够的空间购买该物品.",
  "failed-buy": "&4未知原因,购买物品失败.",
  "bought-item": "你成功购买 %2 个 &b%1&r .花费 &6%MONETARY_UNIT%%3%&r.",
  "shop-breaking-forbidden": "&4你不能破坏商店."
}
