{
  "invalid-side": "&4無効な方向が与えられました。",
  "removed-queue": "&2商店排除のキューを生成しました。",
  "added-queue": "&2商店生成のキューを生成しました。好きなブロックを選んでください。",
  "removed-rm-queue": "&2商店排除のキューを排除しました。",
  "added-rm-queue": "&2商店排除キューを生成しました。排除したいブロックを選んでください。",
  "shop-create-failed": "&4商店の生成を失敗しました。",
  "shop-already-exist": "&4商店がもう存在します。",
  "shop-created": "&2商店が生成されました。",
  "shop-removed": "&2商店が排除されました。",
  "no-permission-buy": "&4アイテムを買う権限がありません。",
  "tap-again": "&e&2%2&eつの&b%1を&6%MONETARY_UNIT%%3&eで売るにはもう一度タップしてください。",
  "no-money": "&4%2%&rを買うには&4%MONETARY_UNIT%%1&rが必要です。",
  "full-inventory": "&4インベントリーに余裕がありません。",
  "failed-buy": "&4エラーのせいで買えませんでした。",
  "bought-item": "%2つの&b%1&rを&6%MONETARY_UNIT%%3%&rでかいました。",
  "shop-breaking-forbidden": "&4商店は壊せません。"
}
