{
  "invalid-side": "&4잘못된 방향이 주어졌습니다.",
  "removed-queue": "&2상점 생성 큐를 제거하였습니다.",
  "added-queue": "&2상정 생성 큐를 생성하였습니다. 상점을 설치하고 싶은 블럭을 터치해주세요.",
  "removed-rm-queue": "&2상점 제거 큐를 제거하였습니다.",
  "added-rm-queue": "&2상점 제거 큐를 생성하였습니다. 제거하고 싶은 상점을 제거해주세요.",
  "shop-create-failed": "&4알 수 없는 이유로 상점 생성을 실패하였습니다.",
  "shop-already-exist": "&4상점이 이미 존재합니다.",
  "shop-created": "&2상점이 성공적으로 생성되었습니다.",
  "shop-removed": "&2상점이 성공적으로 제거되었습니다.",
  "no-permission-buy": "&4아이템을 살 권한이 없습니다.",
  "tap-again": "&e&2%2&e개의 &b%1&e을(를) &6%MONETARY_UNIT%%3&e 에 구매하시려면 한번 더 터치하세요.",
  "no-money": "&4%2%&r 를 구매할 &4%MONETARY_UNIT%%1&r 이(가) 없습니다.",
  "full-inventory": "&4아이템을 보관할 인벤토리가 없습니다.",
  "failed-buy": "&4알 수 없는 이유로 구매에 실패하였습니다.",
  "bought-item": "%2개의 &b%1&r 를 &6%MONETARY_UNIT%%3%&r 에 구매하였습니다.",
  "shop-breaking-forbidden": "&4상점을 때려 부술 수 없습니다."
}
