{
  "language": "nl",
  "language-set": "taal veranderd naar %1 by driesboy",
  "request-cancelled": "jou aanvraag is geannuleerd",
  "player-not-connected": "speler %1 zit niet op de server",
  "player-never-connected": "speler %1 is nog nooit op de server geweest",
  "topmoney-format": "&b#1&f %2: &6%$3",
  "pay-failed": "kan niet betalen.",
  "pay-success": "%$1 betaald aan %2.",
  "money-paid": "%1 geeft jou %$2.",
  "takemoney-must-be-number": "hoeveelheid is niet in nummers",
  "takemoney-invalid-number": "verkeerd nummer",
  "takemoney-player-lack-of-money": "%1 heeft niet genoeg geld %$2. %1's geld : %$3",
  "takemoney-money-taken": "u %$1 is weg genomen",
  "takemoney-took-money": "%1's heeft geld genomen %$2",
  "takemoney-failed": "kan geen geld nemen door een fout",
  "givemoney-must-be-number": "hoeveelheid moet in nummers",
  "givemoney-invalid-number": "verkeerd nummer",
  "givemoney-money-given": "je hebt%$1 gekregen",
  "givemoney-gave-money": "geef %$1 aan %2",
  "seemoney-seemoney": "speler %1's geld : %2",
  "setmoney-setmoney": "speler %1’s money is verzet naar %$2",
  "setmoney-set": "jou geld is veranderd naar %$1",
  "setmoney-failed": "kan geen geld veranderen door een fout",
  "setmoney-invalid-number": "%$1 moet nummers hebben",
  "mymoney-mymoney": "jou geld : %$1",
  "mystatus-show": "mijn geld status : %1%"
}
