{
  "language": "zh",
  "commands": {
    "mymoney": {
      "usage": "/mymoney",
      "description": "查看您的金錢"
    },
    "topmoney": {
      "usage": "/topmoney [頁數]",
      "description": "查看此伺服器的金錢排行"
    },
    "setmoney": {
      "usage": "/setmoney <玩家名稱> <數值> [货币]",
      "description": "設定玩家的金錢"
    },
    "seemoney": {
      "usage": "/seemoney <玩家名稱> [货币]",
      "description": "查看玩家的金錢"
    },
    "givemoney": {
      "usage": "/givemoney <玩家名稱> <數值> [货币]",
      "description": "給玩家金錢"
    },
    "takemoney": {
      "usage": "/takemoney <玩家名稱> <數值> [货币]",
      "description": "拿走玩家的金錢"
    },
    "pay": {
      "usage": "/pay <玩家名稱> <數值> [货币]",
      "description": "付款給玩家"
    },
    "mystatus": {
      "usage": "/mystatus",
      "description": "查看您的金錢狀態"
    }
  },
  "language-set": "語言被設定為 %1",
  "request-cancelled": "您的請求已被取消",
  "player-not-connected": "玩家 %1 目前不在伺服器上",
  "player-never-connected": "伺服器中不存在玩家 %1",
  "topmoney-tag": "- 查看伺服器金錢排行 (%1 of %2) -",
  "topmoney-format": "&b#1&f %2: &6%$3",
  "pay-failed": "付款失敗",
  "pay-success": "付款 %$1 給 %2",
  "money-paid": "%1 付款給你 %$2",
  "takemoney-must-be-number": "金額必須是有效數字",
  "takemoney-invalid-number": "無效的數字",
  "takemoney-player-lack-of-money": "%1 沒有 %$2 . %1 剩餘金額: %$3",
  "takemoney-money-taken": "您的 %$1 已經被管理員拿走~ ",
  "takemoney-took-money": "已經拿走 %1 的 %$2",
  "takemoney-failed": "拿錢失敗",
  "givemoney-must-be-number": "金額必須是有效數字",
  "givemoney-invalid-number": "無效的數字",
  "givemoney-money-given": "有人給您了 %$1",
  "givemoney-gave-money": "已經給 %2 了%$1",
  "seemoney-seemoney": "玩家 %1 的金錢: %2",
  "setmoney-setmoney": "玩家 %1 的金錢已經被設定為 %$2",
  "setmoney-set": "您被設定成 %$1",
  "setmoney-failed": "設定失敗~未知錯誤~",
  "setmoney-invalid-number": "%$1 是無效的金額",
  "mymoney-mymoney": "您身上的錢: %$1",
  "mystatus-show": "您錢的狀態 : %1%"
}
