{
  "language": "it",
  "language-set": "Lingua settata a %1 by luca28pet",
  "request-cancelled": "La tua richiesta e stata cancellata",
  "player-not-connected": "IL player %1 non e online nel server",
  "player-never-connected": "Il player %1 non esiste",
  "topmoney-format": "&b#1&f %2: &6%$3",
  "takemoney-must-be-number": "Devi specificare una cifra valida",
  "takemoney-invalid-number": "Numero non valido",
  "takemoney-player-lack-of-money": "%1 non ha %$2. Soldi di %1 : %$3",
  "takemoney-money-taken": "I tuoi %$1 sono stati prelevati",
  "takemoney-took-money": "Sono stai presi a %1 %$2",
  "takemoney-failed": "Hai fallito a prendere il denaro",
  "givemoney-must-be-number": "Devi specificare una cifra valida",
  "givemoney-invalid-number": "Numero non valido",
  "givemoney-money-given": "%$1 sono stati aggiunti ai tuoi soldi",
  "givemoney-gave-money": "Sono stati dati %$1 a %2",
  "seemoney-seemoney": "Soldi di %1 : %2",
  "setmoney-setmoney": "I soldi di %1 sono stati settati a %$2",
  "setmoney-failed": "Hai fallito a settare i soldi a causa di un errore sconosciuto.",
  "setmoney-invalid-number": "%$1 non e un ammontare valido",
  "mymoney-mymoney": "I tuoi soldi : %$1",
  "mystatus-show": "Lo stato dei miei soldi : %1%"
}
