{
  "language": "de",
  "commands": {
    "mymoney": {
      "usage": "/mymoney",
      "description": "Schau deinen Kontostand an"
    },
    "topmoney": {
      "usage": "/topmoney [Seite]",
      "description": "Schau die Topliste des Geldes an"
    },
    "setmoney": {
      "usage": "/setmoney <Spieler> <Betrag> [Währung]",
      "description": "Setzt den Kontostand eines Spielers"
    },
    "seemoney": {
      "usage": "/seemoney <Spieler> [Währung]",
      "description": "Schau dir den Kontostand eines Spielers an"
    },
    "givemoney": {
      "usage": "/givemoney <Spieler> <Betrag> [Währung]",
      "description": "Schenk einem Spieler Geld"
    },
    "takemoney": {
      "usage": "/takemoney <Spieler> <Betrag> [Währung]",
      "description": "Nimm einem Spieler Geld weg"
    },
    "pay": {
      "usage": "/pay <Spieler> <Betrag> [Währung]",
      "description": "Überweis einem Spieler Geld"
    },
    "mystatus": {
      "usage": "/mystatus",
      "description": "Schau deinen Geldstatus an"
    }
  },
  "language-set": "Sprache auf %1 gesetzt von CapricornOfLynx, PNG Software, Flaplim und DokiaCraft",
  "request-cancelled": "Ihre Anfrage wurde storniert",
  "player-not-connected": "%1 ist Offline.",
  "player-never-connected": "%1 war noch nie auf diesem Server. Bitte überprüfe deine Rechtschreibung.",
  "topmoney-tag": "> Topliste (%1/%2) <",
  "topmoney-format": "&b#1&f %2: &6%$3",
  "pay-failed": "Oops bei der Überweisung ist ein Fehler aufgetreten",
  "pay-success": "Du hast %$1 an %2 überwiesen.",
  "money-paid": "%1 hat dir %$2 überwiesen.",
  "takemoney-must-be-number": "Du kannst einem Spieler keine Buchstaben oder Sonderzeichen wegnehmen",
  "takemoney-invalid-number": "Ungültige Zahl",
  "takemoney-player-lack-of-money": "%1 hat keine %$2  sein  Guthaben ist %$3",
  "takemoney-money-taken": "Bei dir wurden %$1 entfernt",
  "takemoney-took-money": "Du hast %$2 bei %1 entfernt",
  "takemoney-failed": "Fehler beim Ausführen des Commands",
  "givemoney-must-be-number": "Du kannst einem Spieler keine Buchstaben oder Sonderzeichen schenken",
  "givemoney-invalid-number": "Ungültige Zahl",
  "givemoney-money-given": "Du hast %$1 bekommen",
  "givemoney-gave-money": "Du hast %$1 an %2 gegeben",
  "seemoney-seemoney": "%1 Guthaben: %$2",
  "setmoney-setmoney": "%1 Guthaben wurde auf %$2 gesetzt",
  "setmoney-set": "Dein Guthaben wurde auf %$1 gesetzt",
  "setmoney-failed": "Unbekannter Fehler",
  "setmoney-invalid-number": "Ungültige Zahl",
  "mymoney-mymoney": "Dein Guthaben: %$1",
  "mystatus-show": "Dein Guthabenstatus: %1%"
}
