{
  "language": "id",
  "language-set": "Bahasa diset ke %1 oleh onebone",
  "request-cancelled": "Permintaan Anda dibatalkan",
  "player-not-connected": "Pemain %1 tidak dalam server",
  "player-never-connected": "Pemain%1 tidak pernah terlihat di server ini",
  "topmoney-format": "&b#1&f %2: &6%$3",
  "pay-failed": "Gagal bayar.",
  "pay-success": "Telah membayar %$1 ke %2.",
  "takemoney-must-be-number": "Jumlah harus berupa angka",
  "takemoney-invalid-number": "Nomor tidak valid.",
  "takemoney-player-lack-of-money": "%1 tidak punya %$2. Uang %1: %$3",
  "takemoney-money-taken": "%$1 Anda telah diambil",
  "takemoney-took-money": "Telah mengambil uang %1: %$2",
  "takemoney-failed": "Gagal mengambil uang",
  "givemoney-must-be-number": "Jumlah harus berupa angka",
  "givemoney-invalid-number": "Nomor tidak valid",
  "givemoney-money-given": "Anda mendapatkan %$1",
  "givemoney-gave-money": "Telah memberi %$1 ke %2",
  "seemoney-seemoney": "Uang pemain %1: %2",
  "setmoney-setmoney": "Uang pemain %1 ditetapkan ke %$2",
  "setmoney-failed": "Gagal menetapkan uang karena kesalahan yang tidak diketahui",
  "setmoney-invalid-number": "%$1 adalah jumlah yang tak valid",
  "mymoney-mymoney": "Uang Anda: %$1",
  "mystatus-show": "Status uang saya: %1%"
}
