{
  "language": "fr",
  "language-set": "Langue séléctionée: %1 par Kvetinac97 et Ad5001",
  "request-cancelled": "Votre requète a été annulee",
  "player-not-connected": "%1 n'est pas connecté au serveur",
  "player-never-connected": "Le joueur %1 ne s'est jamais connecté sur ce serveur",
  "topmoney-format": "&b#1&f %2: &6%$3",
  "pay-failed": "Erreur lors du payement.",
  "pay-success": "Vous avez donné %$1 à %2.",
  "money-paid": "%1 vous a donné %$2.",
  "takemoney-must-be-number": "Vous devez demander une somme seulement numérique",
  "takemoney-invalid-number": "Somme invalide",
  "takemoney-player-lack-of-money": "%1 n'a pas %$2. %1 a %$3",
  "takemoney-money-taken": "%$1 vous ont été pris",
  "takemoney-took-money": "Vous avez pris %$2 à %1",
  "takemoney-failed": "Erreur lors de l'execution de cette commande",
  "givemoney-must-be-number": "La somme que vous voulez donner doit être numérique",
  "givemoney-invalid-number": "Somme invalide",
  "givemoney-money-given": "Vous avez obtenu %$1",
  "givemoney-gave-money": "Vous avez donné %$1 à %2",
  "seemoney-seemoney": "%1 a %$2",
  "setmoney-setmoney": "L'argent de %1 est désormais %$2",
  "setmoney-set": "Vous avez désormais %$1",
  "setmoney-failed": "Erreur lors de l'execution de cette commande",
  "setmoney-invalid-number": "La somme d'argent de %$1 doit etre numérique",
  "mymoney-mymoney": "Votre argent: %$1",
  "mystatus-show": "Mon monnaie : %1%"
}
