{
  "language": "cs",
  "language-set": "Byl nastaven jazyk %1 od Kvetinac97",
  "request-cancelled": "Zadost byla zrusena",
  "player-not-connected": "Hrac %1 neni na serveru",
  "player-never-connected": "Hrac %1 nikdy na tomto serveru nehral",
  "topmoney-format": "&b#1&f %2: &6%$3",
  "pay-failed": "Platba nebyla uspesna.",
  "pay-success": "Zaplaceno %$1 hraci %2.",
  "money-paid": "%1 ti daroval %$2.",
  "takemoney-must-be-number": "Pocet musi byt cislo",
  "takemoney-invalid-number": "Neplatne cislo",
  "takemoney-player-lack-of-money": "%1 nema dostatek %$2. %1 ma pouze%$3",
  "takemoney-money-taken": "Bylo ti odebrano %$1",
  "takemoney-took-money": "Uspesne odebrany penize hrace %1 (%$2)",
  "takemoney-failed": "Nepodarilo se ti vzit penize",
  "givemoney-must-be-number": "Pocet penez musi byt ciselny",
  "givemoney-invalid-number": "Neplatne cislo",
  "givemoney-money-given": "Obdrzel jsi %$1",
  "givemoney-gave-money": "Pridano %$1 hraci %2",
  "seemoney-seemoney": "%1 ma %$2",
  "setmoney-setmoney": "Penize hrace %1 byly nastaveny na %$2",
  "setmoney-set": "Tve penize byly nastaveny na %$1",
  "setmoney-failed": "Nepodarilo se nastavit penize - Neznama chyba",
  "setmoney-invalid-number": "%$1 musi byt ciselna hodnota",
  "mymoney-mymoney": "Tve penize : %$1",
  "mystatus-show": "Moje penize : %1%"
}
